01,Col1,Col2,Col3,Col4,Col5,Col6
"1
2
3
2019 2024 2025 2025 2026 ESCMID 2026 University
ECCMID ECCMID ESCMID Universit Global (time: of Zurich (time:
(time: topic) (time: Global y of topic) topic)
topic) (time: Zurich
topic) (time:
topic)
09:30: 09:00: 09:00: 09:00: 9:00 – 9:30: 9:00 – 9:30:
Welcome Welcome, Welcome, Welcome Workshop Workshop
Data Data , Data welcome/introdu welcome/introdu
science science science ction to data ction to data
and and and science and science and
machine machine machine machine learning machine learning
learning learning learning
backgroun backgroun backgrou
d d nd
09:35: 10:00 – 10:00 – 10:00 – 9:30 – 10:00: 9:30 – 10:00:
Broad 10:45: 10:45: 10:45: Understanding Understanding
principles of Hands on Hands on Hands on the “end-to-end the “end-to-end
machine session 1 – session 1 – session 1 machine learning machine learning
learning Introducti Introducti – lifecycle” and lifecycle” and
on to on to Introduct hands on session hands on session
Orange Orange ion to 1– Introduction 1 – Introduction
Orange to Orange to Orange
10:00: 10:45 – 10:45 – 10:45 – 10:00 – 10:45: 10:00 – 10:45:
Introducing 11:15: 11:15: 11:15: Hands on session Hands on session
open-source Morning Morning Morning 2 - Data cleaning 2 - Data cleaning
machine break break break and preparation and preparation
learning
software
10:15: Step 11:15 – 11:15 – 11:15 – 10:45 – 11:15: 10:45 – 11:15:
1: Caring for 12:00: 12:00: 12:00: Morning break Morning break
your data – Hands on",,,,,,
,"2019
ECCMID
(time: topic)","2024 2025
ECCMID ESCMID
(time: Global
topic) (time:
topic)","2025
Universit
y of
Zurich
(time:
topic)","2026 ESCMID
Global (time:
topic)","2026 University
of Zurich (time:
topic)",
,"09:30:
Welcome","09:00: 09:00:
Welcome, Welcome
Data Data
science science
and and
machine machine
learning learning
backgroun backgrou
d d","09:00:
, Welcome
, Data
science
and
machine
learning
n backgrou
nd","9:00 – 9:30:
Workshop
welcome/introdu
ction to data
science and
machine learning","9:00 – 9:30:
Workshop
welcome/introdu
ction to data
science and
machine learning",
,,,,mac,,
,,,,,,
,"09:35:
Broad
principles of
machine
learning","10:00 – 10:00 –
10:45: 10:45:
Hands on Hands on
session 1 – session 1
Introducti Introduct
on to on to
Orange Orange","10:00 –
10:45:
Hands on
– session 1
i –
Introduct
ion to
Orange","9:30 – 10:00:
Understanding
the “end-to-end
machine learning
lifecycle” and
hands on session
1– Introduction
to Orange","9:30 – 10:00:
Understanding
the “end-to-end
machine learning
lifecycle” and
hands on session
1 – Introduction
to Orange",
,"10:00:
Introducing
open-source
machine
learning
software","10:45 – 10:45 –
11:15: 11:15:
Morning Morning
break break","10:45 –
11:15:
Morning
break","10:00 – 10:45:
Hands on session
2 - Data cleaning
and preparation","10:00 – 10:45:
Hands on session
2 - Data cleaning
and preparation",
,"10:15: Step
1: Caring for
your data –","11:15 – 11:15 –
12:00: 12:00:","11:15 –
12:00:
Hands on","10:45 – 11:15:
Morning break","10:45 – 11:15:
Morning break",
