Col0,"train
N d d h d d P ϵ
model ff k v drop ls steps","PPL BLEU params
(dev) (dev) ×106"
base,6 512 2048 8 64 64 0.1 0.1 100K,4.92 25.8 65
(A),"1 512 512
4 128 128
16 32 32
32 16 16","5.29 24.9
5.00 25.5
4.91 25.8
5.01 25.4"
(B),"16
32","5.16 25.1 58
5.01 25.4 60"
(C),"2
4
8
256 32 32
1024 128 128
1024
4096","6.11 23.7 36
5.19 25.3 50
4.88 25.5 80
5.75 24.5 28
4.66 26.0 168
5.12 25.4 53
4.75 26.2 90"
(D),"0.0
0.2
0.0
0.2","5.77 24.6
4.95 25.5
4.67 25.3
5.47 25.7"
(E),positional embedding instead of sinusoids,4.92 25.7
big,6 1024 4096 16 0.3 300K,4.33 26.4 213
